{"val_loss": [0.38191319966284404, 0.4686138895588837, 0.42203609624155053, 0.5795338120202029, 0.5285958484995089, 0.6323493272994125, 0.6916993295250202, 0.7130266209286393], "val_acc": [0.8714412806615286, 0.8463078294466398, 0.8467526687209717, 0.8711041860143096, 0.8783362987202682, 0.855204626758752, 0.879003557340106, 0.8873552977242644], "loss": [0.475295472019723, 0.2346023517864558, 0.23362928905383673, 0.16032320841084877, 0.12190495809930214, 0.1093767753823765, 0.09634787386523523, 0.06684546496782541], "acc": [0.7740784780023782, 0.9233055885850179, 0.9224732461355529, 0.9485136741973841, 0.9619500594530321, 0.964922711058264, 0.9714625445897741, 0.9793103448275862]}